{
  "__type__": "cc.SpriteFrame",
  "content": {
    "name": "commonTitle01",
    "atlas": "",
    "rect": {
      "x": 0,
      "y": 1,
      "width": 318,
      "height": 77
    },
    "offset": {
      "x": 0,
      "y": -0.5
    },
    "originalSize": {
      "width": 318,
      "height": 78
    },
    "rotated": false,
    "capInsets": [
      0,
      0,
      0,
      0
    ],
    "vertices": {
      "rawPosition": [
        -159,
        -38.5,
        0,
        159,
        -38.5,
        0,
        -159,
        38.5,
        0,
        159,
        38.5,
        0
      ],
      "indexes": [
        0,
        1,
        2,
        2,
        1,
        3
      ],
      "uv": [
        0,
        77,
        318,
        77,
        0,
        0,
        318,
        0
      ],
      "nuv": [
        0,
        0,
        1,
        0,
        0,
        0.9871794871794872,
        1,
        0.9871794871794872
      ],
      "minPos": {
        "x": -159,
        "y": -38.5,
        "z": 0
      },
      "maxPos": {
        "x": 159,
        "y": 38.5,
        "z": 0
      }
    },
    "texture": "6d1fdc16-30cb-41a6-939f-4e8412493bef@6c48a",
    "packable": true,
    "pixelsToUnit": 100,
    "pivot": {
      "x": 0.5,
      "y": 0.5
    },
    "meshType": 0
  }
}